ssps,ownerName,ownerScreenId,venueTypes,locationType,country,state,dma,city,zip,adTypes,resolutions,durations,screenName,facing,link,address,avgDwellTime,avgImpressionMultiplier,avgWeeklyImpressions,avgCpm,restrictions,lat,lng,count
Place Exchange,Clear Channel Outdoor Brazil,RIO23,Urban Panels,Outdoor,Brazil,Rio De Janeiro,5 - Grande Rio De Janeiro,Rio De Janeiro,22407,"Image, Silent Video",400x600,10,,,,Rua Visconde De Piraja Esquina Com Rua Dos Jangadeiros,,1.0,302014,5.0,"Cigars, Pornography, Sexuality, Politics, Illegal Content, Law, Government, & Politics",-22.9847,-43.1967,N/A
Place Exchange,Clear Channel Outdoor Brazil,RIO52,Urban Panels,Outdoor,Brazil,Rio De Janeiro,5 - Grande Rio De Janeiro,Rio De Janeiro,22279,"Image, Silent Video",400x600,10,,,,Avenida Nacoes Unidas - Praça Pimentel Duarte,,1.0,484771,5.0,"Cigars, Pornography, Sexuality, Politics, Illegal Content, Law, Government, & Politics",-22.949381,-43.180776,N/A
Place Exchange,Clear Channel Outdoor Brazil,RIO21,Urban Panels,Outdoor,Brazil,Rio De Janeiro,5 - Grande Rio De Janeiro,Rio De Janeiro,22617,"Image, Silent Video",400x600,10,,,,"Auto Estrada Lagoa Barra, Antes Do Último Retorno",,1.0,323588,5.0,"Cigars, Pornography, Sexuality, Politics, Illegal Content, Law, Government, & Politics",-22.9998,-43.273087,N/A
Place Exchange,Clear Channel Outdoor Brazil,RIO18,Urban Panels,Outdoor,Brazil,Rio De Janeiro,5 - Grande Rio De Janeiro,Rio De Janeiro,22407,"Image, Silent Video",400x600,10,,,,"Rua Visconde De Pirajá, 452",,1.0,334506,5.0,"Cigars, Pornography, Sexuality, Politics, Illegal Content, Law, Government, & Politics",-22.984115,-43.208536,N/A
Place Exchange,Clear Channel Outdoor Brazil,RDJ14,Urban Panels,Outdoor,Brazil,Rio De Janeiro,5 - Grande Rio De Janeiro,Rio De Janeiro,22211,"Image, Silent Video",400x600,10,,,,"Rua Jardim Botânico, Esquina Com Rua Maria Angélica",,21.8253968253968,220000,5.0,"Cigars, Pornography, Sexuality, Politics, Illegal Content, Law, Government, & Politics",-22.9228,-43.177,N/A
Place Exchange,Clear Channel Outdoor Brazil,RIO94,Urban Panels,Outdoor,Brazil,Rio De Janeiro,5 - Grande Rio De Janeiro,Rio De Janeiro,22420,"Image, Silent Video",400x600,10,,,,Avenida Vieira Souto Esquina Com Rua Garcia D'ávila,,1.0,484771,5.0,"Cigars, Pornography, Sexuality, Politics, Illegal Content, Law, Government, & Politics",-22.9863,-43.2094,N/A
Place Exchange,Clear Channel Outdoor Brazil,RDJ20,Urban Panels,Outdoor,Brazil,Rio De Janeiro,5 - Grande Rio De Janeiro,Rio De Janeiro,22081,"Image, Silent Video",400x600,10,,,,"Rua Teodoro Da Silva, Em Frente Ao Shopping Iguatemi",,21.8253968253968,220000,5.0,"Cigars, Pornography, Sexuality, Politics, Illegal Content, Law, Government, & Politics",-22.9848,-43.1899,N/A
Place Exchange,Clear Channel Outdoor Brazil,RDJ01,Urban Panels,Outdoor,Brazil,Rio De Janeiro,5 - Grande Rio De Janeiro,Rio De Janeiro,22440,"Image, Silent Video",400x600,10,,,,"Rua Voluntários Da Pátria, Nº 110",,21.8253968253968,220000,5.0,"Cigars, Pornography, Sexuality, Politics, Illegal Content, Law, Government, & Politics",-22.9841,-43.221,N/A
Place Exchange,Clear Channel Outdoor Brazil,RIO39,Urban Panels,Outdoor,Brazil,Rio De Janeiro,5 - Grande Rio De Janeiro,Rio De Janeiro,22407,"Image, Silent Video",400x600,10,,,,Avenida Epitácio Pessoa Em Frente A Rua Garcia D'ávila,,1.0,215512,5.0,"Cigars, Pornography, Sexuality, Politics, Illegal Content, Law, Government, & Politics",-22.9806,-43.2092,N/A
Place Exchange,Clear Channel Outdoor Brazil,RIO20,Urban Panels,Outdoor,Brazil,Rio De Janeiro,5 - Grande Rio De Janeiro,Rio De Janeiro,22279,"Image, Silent Video",400x600,10,,,,"Avenida Heitor Beltrao, 30m Apos O N. 46",,1.0,100424,5.0,"Cigars, Pornography, Sexuality, Politics, Illegal Content, Law, Government, & Politics",-22.920845,-43.222838,N/A
Place Exchange,Clear Channel Outdoor Brazil,RIO100,Urban Panels,Outdoor,Brazil,Rio De Janeiro,5 - Grande Rio De Janeiro,Rio De Janeiro,22407,"Image, Silent Video",400x600,10,,,,Avenida Afranio De Melo Franco 17,,1.0,660882,5.0,"Cigars, Pornography, Sexuality, Politics, Illegal Content, Law, Government, & Politics",-22.985611,-43.2175661,N/A
Place Exchange,Clear Channel Outdoor Brazil,RIO92,Urban Panels,Outdoor,Brazil,Rio De Janeiro,5 - Grande Rio De Janeiro,Rio De Janeiro,22007,"Image, Silent Video",400x600,10,,,,Avenida Atlantica Em Frente Ao Hotel Meridien (windsor),,1.0,574614,5.0,"Cigars, Pornography, Sexuality, Politics, Illegal Content, Law, Government, & Politics",-22.9649,-43.1728,N/A
Place Exchange,Clear Channel Outdoor Brazil,RDJ10,Urban Panels,Outdoor,Brazil,Rio De Janeiro,5 - Grande Rio De Janeiro,Rio De Janeiro,20511,"Image, Silent Video",400x600,10,,,,Praça Santos Dumont Com Rua Marques De São Vicente,,21.8253968253968,220000,5.0,"Cigars, Pornography, Sexuality, Politics, Illegal Content, Law, Government, & Politics",-22.9267,-43.2385,N/A
Place Exchange,Clear Channel Outdoor Brazil,RIO9,Urban Panels,Outdoor,Brazil,Rio De Janeiro,5 - Grande Rio De Janeiro,Rio De Janeiro,22231,"Image, Silent Video",400x600,10,,,,"Rua Conde De Baependi, Esquina Com Rua Ministro Tavares Lyra",,1.0,422041,5.0,"Cigars, Pornography, Sexuality, Politics, Illegal Content, Law, Government, & Politics",-22.932742,-43.178762,N/A
Place Exchange,Clear Channel Outdoor Brazil,RIO99,Urban Panels,Outdoor,Brazil,Rio De Janeiro,5 - Grande Rio De Janeiro,Rio De Janeiro,22420,"Image, Silent Video",400x600,10,,,,Avenida Vieira Souto Esquina Com Rua Joana Angelica,,1.0,660882,5.0,"Cigars, Pornography, Sexuality, Politics, Illegal Content, Law, Government, & Politics",-22.9865,-43.2051,N/A
Place Exchange,Clear Channel Outdoor Brazil,RIO56,Urban Panels,Outdoor,Brazil,Rio De Janeiro,5 - Grande Rio De Janeiro,Rio De Janeiro,22279,"Image, Silent Video",400x600,10,,,,Rua Voluntarios Da Patria Em Frente Ao Nr 354,,1.0,343089,5.0,"Cigars, Pornography, Sexuality, Politics, Illegal Content, Law, Government, & Politics",-22.9549,-43.1942,N/A
Place Exchange,Clear Channel Outdoor Brazil,RIO91,Urban Panels,Outdoor,Brazil,Rio De Janeiro,5 - Grande Rio De Janeiro,Rio De Janeiro,22441,"Image, Silent Video",400x600,10,,,,Avenida Delfim Moreira Esquina Com Avenida Bartolomeu Mitres,,1.0,574614,5.0,"Cigars, Pornography, Sexuality, Politics, Illegal Content, Law, Government, & Politics",-22.987,-43.2222,N/A
Place Exchange,Clear Channel Outdoor Brazil,RIO64,Urban Panels,Outdoor,Brazil,Rio De Janeiro,5 - Grande Rio De Janeiro,Rio De Janeiro,20269,"Image, Silent Video",400x600,10,,,,Avenida Radial Oeste Esquina Com Rua Paulo Fernandes,,1.0,881432,5.0,"Cigars, Pornography, Sexuality, Politics, Illegal Content, Law, Government, & Politics",-22.9107,-43.215,N/A
Place Exchange,Clear Channel Outdoor Brazil,RIO71,Urban Panels,Outdoor,Brazil,Rio De Janeiro,5 - Grande Rio De Janeiro,Rio De Janeiro,22420,"Image, Silent Video",400x600,10,,,,Vieira Souto / Aníbal Mendonça,,1.0,484771,5.0,"Cigars, Pornography, Sexuality, Politics, Illegal Content, Law, Government, & Politics",-22.9862,-43.2115,N/A
Place Exchange,Clear Channel Outdoor Brazil,RIO12,Urban Panels,Outdoor,Brazil,Rio De Janeiro,5 - Grande Rio De Janeiro,Rio De Janeiro,22020,"Image, Silent Video",400x600,10,,,,Avenida N Sra Copacabana Esquina Com Rua Inhangá,,1.0,409194,5.0,"Cigars, Pornography, Sexuality, Politics, Illegal Content, Law, Government, & Politics",-22.9671,-43.1815,N/A
Place Exchange,Clear Channel Outdoor Brazil,RIO22,Urban Panels,Outdoor,Brazil,Rio De Janeiro,5 - Grande Rio De Janeiro,Rio De Janeiro,22470,"Image, Silent Video",400x600,10,,,,"Avenida Borges De Medeiros, Em Frente Ao 3193",,1.0,398206,5.0,"Cigars, Pornography, Sexuality, Politics, Illegal Content, Law, Government, & Politics",-22.962651,-43.211251,N/A
Place Exchange,Clear Channel Outdoor Brazil,RIO40,Urban Panels,Outdoor,Brazil,Rio De Janeiro,5 - Grande Rio De Janeiro,Rio De Janeiro,22407,"Image, Silent Video",400x600,10,,,,Avenida Borges De Medeiros Em Frente Ao Clube Monte Libano,,1.0,574614,5.0,"Cigars, Pornography, Sexuality, Politics, Illegal Content, Law, Government, & Politics",-22.9804,-43.2148,N/A
Place Exchange,Clear Channel Outdoor Brazil,RIO57,Urban Panels,Outdoor,Brazil,Rio De Janeiro,5 - Grande Rio De Janeiro,Rio De Janeiro,22279,"Image, Silent Video",400x600,10,,,,Rua Humaita - Canteiro Central - Em Frente Ao Nr 296,,1.0,343089,5.0,"Cigars, Pornography, Sexuality, Politics, Illegal Content, Law, Government, & Politics",-22.96,-43.2024,N/A
Place Exchange,Clear Channel Outdoor Brazil,RIO62,Urban Panels,Outdoor,Brazil,Rio De Janeiro,5 - Grande Rio De Janeiro,Rio De Janeiro,20269,"Image, Silent Video",400x600,10,,,,Avenida Rio Branco Com Avenida Presidente Wilson / Praca M. Ghandi,,1.0,343089,5.0,"Cigars, Pornography, Sexuality, Politics, Illegal Content, Law, Government, & Politics",-22.9131,-43.175,N/A
Place Exchange,Clear Channel Outdoor Brazil,RIO34,Urban Panels,Outdoor,Brazil,Rio De Janeiro,5 - Grande Rio De Janeiro,Rio De Janeiro,22471,"Image, Silent Video",400x600,10,,,,Avenida Epitacio Pessoa Na Curva Do Calombo,,1.0,596268,5.0,"Cigars, Pornography, Sexuality, Politics, Illegal Content, Law, Government, & Politics",-22.9729,-43.2081,N/A
Place Exchange,Clear Channel Outdoor Brazil,RIO27,Urban Panels,Outdoor,Brazil,Rio De Janeiro,5 - Grande Rio De Janeiro,Rio De Janeiro,22279,"Image, Silent Video",400x600,10,,,,Avenida Nacoes Unidas / Rua Voluntarios Da Patria,,1.0,748792,5.0,"Cigars, Pornography, Sexuality, Politics, Illegal Content, Law, Government, & Politics",-22.950186,-43.181356,N/A
Place Exchange,Clear Channel Outdoor Brazil,RDJ05,Urban Panels,Outdoor,Brazil,Rio De Janeiro,5 - Grande Rio De Janeiro,Rio De Janeiro,22470,"Image, Silent Video",400x600,10,,,,Rua Santa Luzia Com Avenida Graça Aranha,,21.8253968253968,220000,5.0,"Cigars, Pornography, Sexuality, Politics, Illegal Content, Law, Government, & Politics",-22.9748,-43.2268,N/A
Place Exchange,Clear Channel Outdoor Brazil,RIO75,Urban Panels,Outdoor,Brazil,Rio De Janeiro,5 - Grande Rio De Janeiro,Rio De Janeiro,22440,"Image, Silent Video",400x600,10,,,,Avenida Vieira Souto Em Frente Ao Country Club,,1.0,574614,5.0,"Cigars, Pornography, Sexuality, Politics, Illegal Content, Law, Government, & Politics",-22.984865,-43.225087,N/A
Place Exchange,Clear Channel Outdoor Brazil,RIO80,Urban Panels,Outdoor,Brazil,Rio De Janeiro,5 - Grande Rio De Janeiro,Rio De Janeiro,22450,"Image, Silent Video",400x600,10,,,,Avenida Niemeyer Em Frente Ao Hotel Sheraton,,1.0,484771,5.0,"Cigars, Pornography, Sexuality, Politics, Illegal Content, Law, Government, & Politics",-22.992,-43.2337,N/A
Place Exchange,Clear Channel Outdoor Brazil,RIO43,Urban Panels,Outdoor,Brazil,Rio De Janeiro,5 - Grande Rio De Janeiro,Rio De Janeiro,22470,"Image, Silent Video",400x600,10,,,,Avenida Borges De Medeiros Em Frente Ao Parque Brigadeiro Faria Lima,,1.0,660882,5.0,"Cigars, Pornography, Sexuality, Politics, Illegal Content, Law, Government, & Politics",-22.9723,-43.2176,N/A
Place Exchange,Clear Channel Outdoor Brazil,RIO19,Urban Panels,Outdoor,Brazil,Rio De Janeiro,5 - Grande Rio De Janeiro,Rio De Janeiro,22407,"Image, Silent Video",400x600,10,,,,"Rua Visconde De Piraja, Em Frente Ao N. 381",,1.0,624074,5.0,"Pornography, Sexuality, Politics, Illegal Content, Law, Government, & Politics, Cigars",-22.984232,-43.206699,N/A
Place Exchange,Clear Channel Outdoor Brazil,RIO24,Urban Panels,Outdoor,Brazil,Rio De Janeiro,5 - Grande Rio De Janeiro,Rio De Janeiro,22407,"Image, Silent Video",400x600,10,,,,Rua Visconde De Piraja Em Frente Ao Nr 288,,1.0,239442,5.0,"Cigars, Pornography, Sexuality, Politics, Illegal Content, Law, Government, & Politics",-22.984,-43.2081,N/A
Place Exchange,Clear Channel Outdoor Brazil,RIO3,Urban Panels,Outdoor,Brazil,Rio De Janeiro,5 - Grande Rio De Janeiro,Rio De Janeiro,20060,"Image, Silent Video",400x600,10,,,,"Avenida Passos, Lado Oposto À Praça Tiradentes",,1.0,459042,5.0,"Politics, Illegal Content, Law, Government, & Politics, Cigars, Pornography, Sexuality",-22.906449,-43.182135,N/A
Place Exchange,Clear Channel Outdoor Brazil,RDJ18,Urban Panels,Outdoor,Brazil,Rio De Janeiro,5 - Grande Rio De Janeiro,Rio De Janeiro,20269,"Image, Silent Video",400x600,10,,,,"Rua Conde De Bomfim, Nº 491",,21.8253968253968,220000,5.0,"Cigars, Pornography, Sexuality, Politics, Illegal Content, Law, Government, & Politics",-22.9103,-43.1736,N/A
Place Exchange,Clear Channel Outdoor Brazil,RDJ02,Urban Panels,Outdoor,Brazil,Rio De Janeiro,5 - Grande Rio De Janeiro,Rio De Janeiro,20269,"Image, Silent Video",400x600,10,,,,"Rua Do Catete, Nº 77, Oposto Ao Nº 44",,21.8253968253968,220000,5.0,"Cigars, Pornography, Sexuality, Politics, Illegal Content, Law, Government, & Politics",-22.9034,-43.1781,N/A
Place Exchange,Clear Channel Outdoor Brazil,RIO78,Urban Panels,Outdoor,Brazil,Rio De Janeiro,5 - Grande Rio De Janeiro,Rio De Janeiro,22617,"Image, Silent Video",400x600,10,,,,Avenida Niemeyer Esquina Com Avenida Prefeito Mendes De Morais Em Frente Ao Hotel Nacional,,1.0,484771,5.0,"Cigars, Pornography, Sexuality, Politics, Illegal Content, Law, Government, & Politics",-22.9985,-43.256,N/A
Place Exchange,Clear Channel Outdoor Brazil,RIO28,Urban Panels,Outdoor,Brazil,Rio De Janeiro,5 - Grande Rio De Janeiro,Rio De Janeiro,22210,"Image, Silent Video",400x600,10,,,,Praia Do Flamengo 320,,1.0,502990,5.0,"Cigars, Pornography, Sexuality, Politics, Illegal Content, Law, Government, & Politics",-22.935631,-43.17425,N/A
Place Exchange,Clear Channel Outdoor Brazil,RDJ16,Urban Panels,Outdoor,Brazil,Rio De Janeiro,5 - Grande Rio De Janeiro,Rio De Janeiro,20269,"Image, Silent Video",400x600,10,,,,"Avenida Ataúlfo De Paiva, 527",,21.8253968253968,220000,5.0,"Cigars, Pornography, Sexuality, Politics, Illegal Content, Law, Government, & Politics",-22.9227,-43.2352,N/A
Place Exchange,Clear Channel Outdoor Brazil,RIO6,Urban Panels,Outdoor,Brazil,Rio De Janeiro,5 - Grande Rio De Janeiro,Rio De Janeiro,20269,"Image, Silent Video",400x600,10,,,,"Avenida Presidente Antonio Carlos, Em Frente Ao Forum",,1.0,663624,5.0,"Cigars, Pornography, Sexuality, Politics, Illegal Content, Law, Government, & Politics",-22.905598,-43.173353,N/A
Place Exchange,Clear Channel Outdoor Brazil,RDJ07,Urban Panels,Outdoor,Brazil,Rio De Janeiro,5 - Grande Rio De Janeiro,Rio De Janeiro,22461,"Image, Silent Video",400x600,10,,,,"Avenida N. Sra Copacabana, 978, 30m Após Rua Xavier Da Silveira",,21.8253968253968,220000,5.0,"Cigars, Pornography, Sexuality, Politics, Illegal Content, Law, Government, & Politics",-22.9606,-43.2077,N/A
Place Exchange,Clear Channel Outdoor Brazil,RDJ08,Urban Panels,Outdoor,Brazil,Rio De Janeiro,5 - Grande Rio De Janeiro,Rio De Janeiro,22061,"Image, Silent Video",400x600,10,,,,"Avenida Rainha Elizabeth, Em Frente Ao Nº 05",,21.8253968253968,220000,5.0,"Cigars, Pornography, Sexuality, Politics, Illegal Content, Law, Government, & Politics",-22.9766,-43.1904,N/A
Place Exchange,Clear Channel Outdoor Brazil,RIO10,Urban Panels,Outdoor,Brazil,Rio De Janeiro,5 - Grande Rio De Janeiro,Rio De Janeiro,22040,"Image, Silent Video",400x600,10,,,,"Rua Barata Ribeiro, Em Frente Ao Nr 354-e",,1.0,448219,5.0,"Cigars, Pornography, Sexuality, Politics, Illegal Content, Law, Government, & Politics",-22.9679,-43.1847,N/A
Place Exchange,Clear Channel Outdoor Brazil,RIO37,Urban Panels,Outdoor,Brazil,Rio De Janeiro,5 - Grande Rio De Janeiro,Rio De Janeiro,21665,"Image, Silent Video",400x600,10,,,,Praia De Botafogo Em Frente Ao Nr 228 - Ed Argentina,,1.0,377138,5.0,"Cigars, Pornography, Sexuality, Politics, Illegal Content, Law, Government, & Politics",-22.942589,-43.181155,N/A
Place Exchange,Clear Channel Outdoor Brazil,RIO96,Urban Panels,Outdoor,Brazil,Rio De Janeiro,5 - Grande Rio De Janeiro,Rio De Janeiro,22070,"Image, Silent Video",400x600,10,,,,Avenida Atlântica Esquina Com Rua Miguel Lemos,,1.0,574614,5.0,"Cigars, Pornography, Sexuality, Politics, Illegal Content, Law, Government, & Politics",-22.9784,-43.189,N/A
Place Exchange,Clear Channel Outdoor Brazil,RIO35,Urban Panels,Outdoor,Brazil,Rio De Janeiro,5 - Grande Rio De Janeiro,Rio De Janeiro,22471,"Image, Silent Video",400x600,10,,,,Avenida Epitácio Pessoa Em Frente Ao Parque Da Catacumba,,1.0,448563,5.0,"Cigars, Pornography, Sexuality, Politics, Illegal Content, Law, Government, & Politics",-22.9736,-43.2017,N/A
Place Exchange,Clear Channel Outdoor Brazil,RIO14,Urban Panels,Outdoor,Brazil,Rio De Janeiro,5 - Grande Rio De Janeiro,Rio De Janeiro,22471,"Image, Silent Video",400x600,10,,,,"Rua Fonte Da Saudade, Com Esquina De Dina Silveira",,1.0,318850,5.0,"Cigars, Pornography, Sexuality, Politics, Illegal Content, Law, Government, & Politics",-22.96178,-43.203144,N/A
Place Exchange,Clear Channel Outdoor Brazil,RIO65,Urban Panels,Outdoor,Brazil,Rio De Janeiro,5 - Grande Rio De Janeiro,Rio De Janeiro,20269,"Image, Silent Video",400x600,10,,,,Rua Conde De Bonfim Esquina Com Rua Uruguai,,1.0,574614,5.0,"Cigars, Pornography, Sexuality, Politics, Illegal Content, Law, Government, & Politics",-22.9326,-43.241,N/A
Place Exchange,Clear Channel Outdoor Brazil,RIO47,Urban Panels,Outdoor,Brazil,Rio De Janeiro,5 - Grande Rio De Janeiro,Rio De Janeiro,20269,"Image, Silent Video",400x600,10,,,,Rua Sao Francisco Xavier Com Avenida Radial Oeste,,1.0,574614,5.0,"Cigars, Pornography, Sexuality, Politics, Illegal Content, Law, Government, & Politics",-22.904524,-43.242842,N/A
Place Exchange,Clear Channel Outdoor Brazil,RIO67,Urban Panels,Outdoor,Brazil,Rio De Janeiro,5 - Grande Rio De Janeiro,Rio De Janeiro,20269,"Image, Silent Video",400x600,10,,,,Avenida Presidente Castelo Branco (radial Oeste) Em Frente Ao Antigo Museu Do Indio,,1.0,574614,5.0,"Cigars, Pornography, Sexuality, Politics, Illegal Content, Law, Government, & Politics",-22.9108,-43.2264,N/A
Place Exchange,Clear Channel Outdoor Brazil,RIO97,Urban Panels,Outdoor,Brazil,Rio De Janeiro,5 - Grande Rio De Janeiro,Rio De Janeiro,22007,"Image, Silent Video",400x600,10,,,,Avenida Atlantica Esquina Com Rua Figueiredo Magalhães,,1.0,660882,5.0,"Cigars, Pornography, Sexuality, Politics, Illegal Content, Law, Government, & Politics",-22.9719,-43.1847,N/A
Place Exchange,Clear Channel Outdoor Brazil,RDJ04,Urban Panels,Outdoor,Brazil,Rio De Janeiro,5 - Grande Rio De Janeiro,Rio De Janeiro,22470,"Image, Silent Video",400x600,10,,,,Largo Nelson Gonçalves Com Rua Teotônio Regadas,,21.8253968253968,220000,5.0,"Cigars, Pornography, Sexuality, Politics, Illegal Content, Law, Government, & Politics",-22.9730006,-43.2176611,N/A
Place Exchange,Clear Channel Outdoor Brazil,RIO48,Urban Panels,Outdoor,Brazil,Rio De Janeiro,5 - Grande Rio De Janeiro,Rio De Janeiro,20269,"Image, Silent Video",400x600,10,,,,"Rua Almirante Barroso, Lado Oposto Ao N. 52",,1.0,215512,5.0,"Cigars, Pornography, Sexuality, Politics, Illegal Content, Law, Government, & Politics",-22.907754,-43.175874,N/A
Place Exchange,Clear Channel Outdoor Brazil,RIO11,Urban Panels,Outdoor,Brazil,Rio De Janeiro,5 - Grande Rio De Janeiro,Rio De Janeiro,22407,"Image, Silent Video",400x600,10,,,,Rua Mário Ribeiro Em Frente Ao Hospital Miguel Couto,,1.0,251499,5.0,"Cigars, Pornography, Sexuality, Politics, Illegal Content, Law, Government, & Politics",-22.977933,-43.223637,N/A
Place Exchange,Clear Channel Outdoor Brazil,RDJ13,Urban Panels,Outdoor,Brazil,Rio De Janeiro,5 - Grande Rio De Janeiro,Rio De Janeiro,20269,"Image, Silent Video",400x600,10,,,,"Rua Visconde De Pirajá, 580, 100m Após Avenida Henrique Dumont",,21.8253968253968,220000,5.0,"Cigars, Pornography, Sexuality, Politics, Illegal Content, Law, Government, & Politics",-22.9142,-43.1784,N/A
Place Exchange,Clear Channel Outdoor Brazil,RIO50,Urban Panels,Outdoor,Brazil,Rio De Janeiro,5 - Grande Rio De Janeiro,Rio De Janeiro,21920,"Image, Silent Video",400x600,10,,,,Avenida Lauro Sodre / Shopping Rio Sul,,1.0,215512,5.0,"Cigars, Pornography, Sexuality, Politics, Illegal Content, Law, Government, & Politics",-22.957,-43.1775,N/A
Place Exchange,Clear Channel Outdoor Brazil,RIO44,Urban Panels,Outdoor,Brazil,Rio De Janeiro,5 - Grande Rio De Janeiro,Rio De Janeiro,22460,"Image, Silent Video",400x600,10,,,,Rua Marques De Sao Vicente - Lado Oposto A Praça Santos Dumont,,1.0,660882,5.0,"Cigars, Pornography, Sexuality, Politics, Illegal Content, Law, Government, & Politics",-22.9749,-43.226,N/A
Place Exchange,Clear Channel Outdoor Brazil,RIO8,Urban Panels,Outdoor,Brazil,Rio De Janeiro,5 - Grande Rio De Janeiro,Rio De Janeiro,20269,"Image, Silent Video",400x600,10,,,,"Avenida Presidente Vargas, Com Avenida Passos",,1.0,511414,5.0,"Cigars, Pornography, Sexuality, Politics, Illegal Content, Law, Government, & Politics",-22.903085,-43.184194,N/A
Place Exchange,Clear Channel Outdoor Brazil,RDJ15,Urban Panels,Outdoor,Brazil,Rio De Janeiro,5 - Grande Rio De Janeiro,Rio De Janeiro,22250,"Image, Silent Video",400x600,10,,,,Avenida Ataulfo De Paiva - Esquina Com Avenida Borges De Medeiros,,21.8253968253968,220000,5.0,"Cigars, Pornography, Sexuality, Politics, Illegal Content, Law, Government, & Politics",-22.9377,-43.1761,N/A
Place Exchange,Clear Channel Outdoor Brazil,RIO66,Urban Panels,Outdoor,Brazil,Rio De Janeiro,5 - Grande Rio De Janeiro,Rio De Janeiro,20269,"Image, Silent Video",400x600,10,,,,Rua Conde De Bonfim Esquina Com Rua General Roca,,1.0,574614,5.0,"Cigars, Pornography, Sexuality, Politics, Illegal Content, Law, Government, & Politics",-22.9247,-43.2335,N/A
Place Exchange,Clear Channel Outdoor Brazil,RDJ19,Urban Panels,Outdoor,Brazil,Rio De Janeiro,5 - Grande Rio De Janeiro,Rio De Janeiro,22081,"Image, Silent Video",400x600,10,,,,Rua Eng Enaldo Cravo Peixoto - Shop Tijuca,,21.8253968253968,220000,5.0,"Cigars, Pornography, Sexuality, Politics, Illegal Content, Law, Government, & Politics",-22.9865,-43.1965,N/A
Place Exchange,Clear Channel Outdoor Brazil,RIO95,Urban Panels,Outdoor,Brazil,Rio De Janeiro,5 - Grande Rio De Janeiro,Rio De Janeiro,22070,"Image, Silent Video",400x600,10,,,,Avenida Atlantica Esquina Com Rua Constante Ramos,,1.0,484771,5.0,"Cigars, Pornography, Sexuality, Politics, Illegal Content, Law, Government, & Politics",-22.9753,-43.1875,N/A
Place Exchange,Clear Channel Outdoor Brazil,RIO82,Urban Panels,Outdoor,Brazil,Rio De Janeiro,5 - Grande Rio De Janeiro,Rio De Janeiro,22420,"Image, Silent Video",400x600,10,,,,Avenida Vieira Souto Esquina Com Rua Gomes Carneiro,,1.0,484771,5.0,"Cigars, Pornography, Sexuality, Politics, Illegal Content, Law, Government, & Politics",-22.9869,-43.198,N/A
Place Exchange,Clear Channel Outdoor Brazil,RIO90,Urban Panels,Outdoor,Brazil,Rio De Janeiro,5 - Grande Rio De Janeiro,Rio De Janeiro,22007,"Image, Silent Video",400x600,10,,,,Avenida Atlântica Esquina Com Avenida Princesa Isabel,,1.0,574614,5.0,"Cigars, Pornography, Sexuality, Politics, Illegal Content, Law, Government, & Politics",-22.9653,-43.1739,N/A
Place Exchange,Clear Channel Outdoor Brazil,RIO84,Urban Panels,Outdoor,Brazil,Rio De Janeiro,5 - Grande Rio De Janeiro,Rio De Janeiro,22441,"Image, Silent Video",400x600,10,,,,Avenida Delfim Moreira Em Frente A Praça Atahulpa,,1.0,660882,5.0,"Cigars, Pornography, Sexuality, Politics, Illegal Content, Law, Government, & Politics",-22.9886,-43.2277,N/A
Place Exchange,Clear Channel Outdoor Brazil,RIO83,Urban Panels,Outdoor,Brazil,Rio De Janeiro,5 - Grande Rio De Janeiro,Rio De Janeiro,22070,"Image, Silent Video",400x600,10,,,,Avenida Atlantica Esquina Com Rua Djalma Ulrich,,1.0,660882,5.0,"Cigars, Pornography, Sexuality, Politics, Illegal Content, Law, Government, & Politics",-22.9793,-43.1894,N/A
Place Exchange,Clear Channel Outdoor Brazil,RIO55,Urban Panels,Outdoor,Brazil,Rio De Janeiro,5 - Grande Rio De Janeiro,Rio De Janeiro,22281,"Image, Silent Video",400x600,10,,,,Rua Real Grandeza / Rua Gal Polidoro,,1.0,343089,5.0,"Cigars, Pornography, Sexuality, Politics, Illegal Content, Law, Government, & Politics",-22.9582,-43.1914,N/A
Place Exchange,Clear Channel Outdoor Brazil,RIO31,Urban Panels,Outdoor,Brazil,Rio De Janeiro,5 - Grande Rio De Janeiro,Rio De Janeiro,22407,"Image, Silent Video",400x600,10,,,,Rua Gilberto Cardoso 15m Após Rua Ministro Raul Machado,,1.0,304513,5.0,"Cigars, Pornography, Sexuality, Politics, Illegal Content, Law, Government, & Politics",-22.979504,-43.221249,N/A
Place Exchange,Clear Channel Outdoor Brazil,RIO88,Urban Panels,Outdoor,Brazil,Rio De Janeiro,5 - Grande Rio De Janeiro,Rio De Janeiro,22420,"Image, Silent Video",400x600,10,,,,Avenida Vieira Souto Em Frente Ao Colégio São Paulo,,1.0,574614,5.0,"Cigars, Pornography, Sexuality, Politics, Illegal Content, Law, Government, & Politics",-22.9875,-43.196,N/A
Place Exchange,Clear Channel Outdoor Brazil,RIO16,Urban Panels,Outdoor,Brazil,Rio De Janeiro,5 - Grande Rio De Janeiro,Rio De Janeiro,22440,"Image, Silent Video",400x600,10,,,,"Avenida Ataulfo De Paiva, Em Frente Ao N. 1351",,1.0,300840,5.0,"Cigars, Pornography, Sexuality, Politics, Illegal Content, Law, Government, & Politics",-22.986269,-43.228594,N/A
Place Exchange,Clear Channel Outdoor Brazil,RDJ09,Urban Panels,Outdoor,Brazil,Rio De Janeiro,5 - Grande Rio De Janeiro,Rio De Janeiro,20269,"Image, Silent Video",400x600,10,,,,"Rua Senador Vergueiro, N. 171.",,21.8253968253968,220000,5.0,"Cigars, Pornography, Sexuality, Politics, Illegal Content, Law, Government, & Politics",-22.9277,-43.236,N/A
Place Exchange,Clear Channel Outdoor Brazil,RDJ17,Urban Panels,Outdoor,Brazil,Rio De Janeiro,5 - Grande Rio De Janeiro,Rio De Janeiro,22279,"Image, Silent Video",400x600,10,,,,"Avenida Maracanã, Em Frente Ao Hipermercado Extra",,21.8253968253968,220000,5.0,"Cigars, Pornography, Sexuality, Politics, Illegal Content, Law, Government, & Politics",-22.9517,-43.1854,N/A
Place Exchange,Clear Channel Outdoor Brazil,RIO98,Urban Panels,Outdoor,Brazil,Rio De Janeiro,5 - Grande Rio De Janeiro,Rio De Janeiro,22007,"Image, Silent Video",400x600,10,,,,Avenida Atlântica Esquina Com Rua Republica Do Peru,,1.0,660882,5.0,"Cigars, Pornography, Sexuality, Politics, Illegal Content, Law, Government, & Politics",-22.969,-43.1808,N/A
Place Exchange,Clear Channel Outdoor Brazil,RIO85,Urban Panels,Outdoor,Brazil,Rio De Janeiro,5 - Grande Rio De Janeiro,Rio De Janeiro,20260,"Image, Silent Video",400x600,10,,,,"Rua Hadock Lobo, Em Frente Ao N. 360",,1.0,881432,5.0,"Cigars, Pornography, Sexuality, Politics, Illegal Content, Law, Government, & Politics",-22.920771,-43.218035,N/A
Place Exchange,Clear Channel Outdoor Brazil,RIO49,Urban Panels,Outdoor,Brazil,Rio De Janeiro,5 - Grande Rio De Janeiro,Rio De Janeiro,22279,"Image, Silent Video",400x600,10,,,,Praia Do Flamengo / Rua Do Russel - Searj,,1.0,484771,5.0,"Cigars, Pornography, Sexuality, Politics, Illegal Content, Law, Government, & Politics",-22.9203,-43.1748,N/A
Place Exchange,Clear Channel Outdoor Brazil,RIO51,Urban Panels,Outdoor,Brazil,Rio De Janeiro,5 - Grande Rio De Janeiro,Rio De Janeiro,22279,"Image, Silent Video",400x600,10,,,,Avenida Pasteur / Lions Esquina Com Avenida Venceslau Brás,,1.0,215512,5.0,"Cigars, Pornography, Sexuality, Politics, Illegal Content, Law, Government, & Politics",-22.9513,-43.1751,N/A
Place Exchange,Clear Channel Outdoor Brazil,RIO69,Urban Panels,Outdoor,Brazil,Rio De Janeiro,5 - Grande Rio De Janeiro,Rio De Janeiro,20511,"Image, Silent Video",400x600,10,,,,Avenida Maracanã - Canteiro Central - Em Frente Ao Nr 629,,1.0,484771,5.0,"Cigars, Pornography, Sexuality, Politics, Illegal Content, Law, Government, & Politics",-22.918333,-43.232039,N/A
Place Exchange,Clear Channel Outdoor Brazil,RIO30,Urban Panels,Outdoor,Brazil,Rio De Janeiro,5 - Grande Rio De Janeiro,Rio De Janeiro,22240,"Image, Silent Video",400x600,10,,,,"Rua Das Laranjeiras, 211 Após Rua Pinheiro Machado Sentido Cosme Velho",,1.0,335785,5.0,"Cigars, Pornography, Sexuality, Politics, Illegal Content, Law, Government, & Politics",-22.933527,-43.185779,N/A
Place Exchange,Clear Channel Outdoor Brazil,RIO26,Urban Panels,Outdoor,Brazil,Rio De Janeiro,5 - Grande Rio De Janeiro,Rio De Janeiro,20269,"Image, Silent Video",400x600,10,,,,"Rua Mariz E Barros, Lado Oposto Ao N. 179",,1.0,603433,5.0,"Cigars, Pornography, Sexuality, Politics, Illegal Content, Law, Government, & Politics",-22.911726,-43.214787,N/A
Place Exchange,Clear Channel Outdoor Brazil,RIO4,Urban Panels,Outdoor,Brazil,Rio De Janeiro,5 - Grande Rio De Janeiro,Rio De Janeiro,20269,"Image, Silent Video",400x600,10,,,,"Avenida Chile,  Logo Após A Rua Do Lavradio",,1.0,251499,5.0,"Cigars, Pornography, Sexuality, Politics, Illegal Content, Law, Government, & Politics",-22.910035,-43.182588,N/A
Place Exchange,Clear Channel Outdoor Brazil,RIO7,Urban Panels,Outdoor,Brazil,Rio De Janeiro,5 - Grande Rio De Janeiro,Rio De Janeiro,20269,"Image, Silent Video",400x600,10,,,,Avenida República Do Paraguai Chegando À Lapa,,1.0,429184,5.0,"Cigars, Pornography, Sexuality, Politics, Illegal Content, Law, Government, & Politics",-22.913461,-43.178727,N/A
Place Exchange,Clear Channel Outdoor Brazil,RIO76,Urban Panels,Outdoor,Brazil,Rio De Janeiro,5 - Grande Rio De Janeiro,Rio De Janeiro,22441,"Image, Silent Video",400x600,10,,,,Avenida Delfim Moreira Esquina Com Avenida Afranio De Melo Franco,,1.0,484771,5.0,"Cigars, Pornography, Sexuality, Politics, Illegal Content, Law, Government, & Politics",-22.9864,-43.2173,N/A
Place Exchange,Clear Channel Outdoor Brazil,RIO68,Urban Panels,Outdoor,Brazil,Rio De Janeiro,5 - Grande Rio De Janeiro,Rio De Janeiro,20269,"Image, Silent Video",400x600,10,,,,Avenida Presidente Castelo Branco Em Frente Ao Portao 15 Do Maracana,,1.0,574614,5.0,"Cigars, Pornography, Sexuality, Politics, Illegal Content, Law, Government, & Politics",-22.9104,-43.2292,N/A
Place Exchange,Clear Channel Outdoor Brazil,RIO63,Urban Panels,Outdoor,Brazil,Rio De Janeiro,5 - Grande Rio De Janeiro,Rio De Janeiro,20269,"Image, Silent Video",400x600,10,,,,Rua Afonso Cavalcanti Nr 25,,1.0,881432,5.0,"Cigars, Pornography, Sexuality, Politics, Illegal Content, Law, Government, & Politics",-22.9109,-43.2059,N/A
Place Exchange,Clear Channel Outdoor Brazil,RIO60,Urban Panels,Outdoor,Brazil,Rio De Janeiro,5 - Grande Rio De Janeiro,Rio De Janeiro,20269,"Image, Silent Video",400x600,10,,,,Avenida Presidente Vargas Com Avenida Rio Branco,,1.0,484771,5.0,"Cigars, Pornography, Sexuality, Politics, Illegal Content, Law, Government, & Politics",-22.9014,-43.1794,N/A
Place Exchange,Clear Channel Outdoor Brazil,RIO17,Urban Panels,Outdoor,Brazil,Rio De Janeiro,5 - Grande Rio De Janeiro,Rio De Janeiro,22440,"Image, Silent Video",400x600,10,,,,"Avenida Ataulfo De Paiva, Em Frente Ao N. 1175",,1.0,477809,5.0,"Cigars, Pornography, Sexuality, Politics, Illegal Content, Law, Government, & Politics",-22.985722,-43.22698,N/A
Place Exchange,Clear Channel Outdoor Brazil,RIO32,Urban Panels,Outdoor,Brazil,Rio De Janeiro,5 - Grande Rio De Janeiro,Rio De Janeiro,22407,"Image, Silent Video",400x600,10,,,,Avenida Padre Leonel Franca Com Avenida Visconde De Albuquerque,,1.0,415580,5.0,"Cigars, Pornography, Sexuality, Politics, Illegal Content, Law, Government, & Politics",-22.9785,-43.2268,N/A
Place Exchange,Clear Channel Outdoor Brazil,RIO61,Urban Panels,Outdoor,Brazil,Rio De Janeiro,5 - Grande Rio De Janeiro,Rio De Janeiro,20269,"Image, Silent Video",400x600,10,,,,Avenida Presidente Wilson Esquina Com Avenida Presidente Antonio Carlos,,1.0,343089,5.0,"Cigars, Pornography, Sexuality, Politics, Illegal Content, Law, Government, & Politics",-22.9102,-43.1723,N/A
Place Exchange,Clear Channel Outdoor Brazil,RIO79,Urban Panels,Outdoor,Brazil,Rio De Janeiro,5 - Grande Rio De Janeiro,Rio De Janeiro,22420,"Image, Silent Video",400x600,10,,,,Avenida Vieira Souto Esquina Com Rua Farme De Amoedo,,1.0,484771,5.0,"Cigars, Pornography, Sexuality, Politics, Illegal Content, Law, Government, & Politics",-22.9867,-43.2009,N/A
Place Exchange,Clear Channel Outdoor Brazil,RDJ03,Urban Panels,Outdoor,Brazil,Rio De Janeiro,5 - Grande Rio De Janeiro,Rio De Janeiro,20269,"Image, Silent Video",400x600,10,,,,Avenida Rio Branco / Rua Do Rosário,,21.8253968253968,220000,5.0,"Cigars, Pornography, Sexuality, Politics, Illegal Content, Law, Government, & Politics",-22.9105,-43.204,N/A
Place Exchange,Clear Channel Outdoor Brazil,RIO53,Urban Panels,Outdoor,Brazil,Rio De Janeiro,5 - Grande Rio De Janeiro,Rio De Janeiro,21665,"Image, Silent Video",400x600,10,,,,Rua Pinheiro Machado / Praca Weizmann,,1.0,484771,5.0,"Cigars, Pornography, Sexuality, Politics, Illegal Content, Law, Government, & Politics",-22.9421,-43.1822,N/A
Place Exchange,Clear Channel Outdoor Brazil,RIO41,Urban Panels,Outdoor,Brazil,Rio De Janeiro,5 - Grande Rio De Janeiro,Rio De Janeiro,22407,"Image, Silent Video",400x600,10,,,,Avenida Borges De Medeiros Esquina Com Rua Mario Ribeiro,,1.0,660882,5.0,"Cigars, Pornography, Sexuality, Politics, Illegal Content, Law, Government, & Politics",-22.9776,-43.2186,N/A
Place Exchange,Clear Channel Outdoor Brazil,RIO73,Urban Panels,Outdoor,Brazil,Rio De Janeiro,5 - Grande Rio De Janeiro,Rio De Janeiro,22450,"Image, Silent Video",400x600,10,,,,Avenida Niemeyer Em Frente Ao Recuo Dos Pescadores,,1.0,484771,5.0,"Cigars, Pornography, Sexuality, Politics, Illegal Content, Law, Government, & Politics",-22.9898,-43.2274,N/A
Place Exchange,Clear Channel Outdoor Brazil,RIO70,Urban Panels,Outdoor,Brazil,Rio De Janeiro,5 - Grande Rio De Janeiro,Rio De Janeiro,20269,"Image, Silent Video",400x600,10,,,,Boulevard 28 De Setembro Em Frente Ao Nr 303,,1.0,484771,5.0,"Cigars, Pornography, Sexuality, Politics, Illegal Content, Law, Government, & Politics",-22.9156,-43.2454,N/A
Place Exchange,Clear Channel Outdoor Brazil,RIO38,Urban Panels,Outdoor,Brazil,Rio De Janeiro,5 - Grande Rio De Janeiro,Rio De Janeiro,22411,"Image, Silent Video",400x600,10,,,,Avenida Epitácio Pessoa Em Frente A Rua Maria Quitéria,,1.0,415851,5.0,"Cigars, Pornography, Sexuality, Politics, Illegal Content, Law, Government, & Politics",-22.9803,-43.2054,N/A
Place Exchange,Clear Channel Outdoor Brazil,RDJ06,Urban Panels,Outdoor,Brazil,Rio De Janeiro,5 - Grande Rio De Janeiro,Rio De Janeiro,22407,"Image, Silent Video",400x600,10,,,,"Rua Afonso Cavalcante, Esquina C/ Rua Visconde Duprat, Nº 73",,21.8253968253968,220000,5.0,"Cigars, Pornography, Sexuality, Politics, Illegal Content, Law, Government, & Politics",-22.9837,-43.2123,N/A
Place Exchange,Clear Channel Outdoor Brazil,RIO87,Urban Panels,Outdoor,Brazil,Rio De Janeiro,5 - Grande Rio De Janeiro,Rio De Janeiro,22441,"Image, Silent Video",400x600,10,,,,Avenida Vieira Souto Esquina Com A Epitácio Pessoa (jardim De Alah),,1.0,660882,5.0,"Cigars, Pornography, Sexuality, Politics, Illegal Content, Law, Government, & Politics",-22.986246,-43.215873,N/A
Place Exchange,Clear Channel Outdoor Brazil,RIO36,Urban Panels,Outdoor,Brazil,Rio De Janeiro,5 - Grande Rio De Janeiro,Rio De Janeiro,22411,"Image, Silent Video",400x600,10,,,,Avenida Epitácio Pessoa Em Frente Ao Viaduto Augusto Frederico Schmidt,,1.0,505620,5.0,"Cigars, Pornography, Sexuality, Politics, Illegal Content, Law, Government, & Politics",-22.9765,-43.1994,N/A
Place Exchange,Clear Channel Outdoor Brazil,RIO25,Urban Panels,Outdoor,Brazil,Rio De Janeiro,5 - Grande Rio De Janeiro,Rio De Janeiro,20210,"Image, Silent Video",400x600,10,,,,"Avenida Presidente Vargas, Canteiro Central, Em Frente Aos Correios",,1.0,710344,5.0,"Cigars, Pornography, Sexuality, Politics, Illegal Content, Law, Government, & Politics",-22.909616,-43.204053,N/A
Place Exchange,Clear Channel Outdoor Brazil,RIO13,Urban Panels,Outdoor,Brazil,Rio De Janeiro,5 - Grande Rio De Janeiro,Rio De Janeiro,22061,"Image, Silent Video",400x600,10,,,,"Rua Pompeu Loureiro, 45",,1.0,135025,5.0,"Cigars, Pornography, Sexuality, Politics, Illegal Content, Law, Government, & Politics",-22.97354,-43.192454,N/A
Place Exchange,Clear Channel Outdoor Brazil,RIO74,Urban Panels,Outdoor,Brazil,Rio De Janeiro,5 - Grande Rio De Janeiro,Rio De Janeiro,22070,"Image, Silent Video",400x600,10,,,,Avenida Atlantica Esquina Com Rua Joaquim Nabuco,,1.0,484771,5.0,"Cigars, Pornography, Sexuality, Politics, Illegal Content, Law, Government, & Politics",-22.9854,-43.1893,N/A
Place Exchange,Clear Channel Outdoor Brazil,RIO33,Urban Panels,Outdoor,Brazil,Rio De Janeiro,5 - Grande Rio De Janeiro,Rio De Janeiro,22470,"Image, Silent Video",400x600,10,,,,Avenida Epitacio Pessoa Em Frente A Rua Cicero Gois Monteiro,,1.0,367708,5.0,"Cigars, Pornography, Sexuality, Politics, Illegal Content, Law, Government, & Politics",-22.962832,-43.205842,N/A
Place Exchange,Clear Channel Outdoor Brazil,RIO89,Urban Panels,Outdoor,Brazil,Rio De Janeiro,5 - Grande Rio De Janeiro,Rio De Janeiro,22020,"Image, Silent Video",400x600,10,,,,Avenida Atlântica Esquina Com Rua Rodolfo Dantas (copacabana Palace),,1.0,574614,5.0,"Cigars, Pornography, Sexuality, Politics, Illegal Content, Law, Government, & Politics",-22.9672,-43.1783,N/A
Place Exchange,Clear Channel Outdoor Brazil,RIO15,Urban Panels,Outdoor,Brazil,Rio De Janeiro,5 - Grande Rio De Janeiro,Rio De Janeiro,22279,"Image, Silent Video",400x600,10,,,,"Rua Sao Clemente, Largo Dos Leões, Próximo Á Cobal",,1.0,291237,5.0,"Cigars, Pornography, Sexuality, Politics, Illegal Content, Law, Government, & Politics",-22.953868,-43.196969,N/A
Place Exchange,Clear Channel Outdoor Brazil,RIO29,Urban Panels,Outdoor,Brazil,Rio De Janeiro,5 - Grande Rio De Janeiro,Rio De Janeiro,22230,"Image, Silent Video",400x600,10,,,,"Rua Marques De Abrantes, Em Frente Ao N. 118",,1.0,142474,5.0,"Cigars, Pornography, Sexuality, Politics, Illegal Content, Law, Government, & Politics",-22.937289,-43.177586,N/A
Place Exchange,Clear Channel Outdoor Brazil,RIO54,Urban Panels,Outdoor,Brazil,Rio De Janeiro,5 - Grande Rio De Janeiro,Rio De Janeiro,22250,"Image, Silent Video",400x600,10,,,,Praia De Botafogo / Oswaldo Cruz,,1.0,343089,5.0,"Cigars, Pornography, Sexuality, Politics, Illegal Content, Law, Government, & Politics",-22.9419,-43.1779,N/A
Place Exchange,Clear Channel Outdoor Brazil,RIO86,Urban Panels,Outdoor,Brazil,Rio De Janeiro,5 - Grande Rio De Janeiro,Rio De Janeiro,22420,"Image, Silent Video",400x600,10,,,,Avenida Vieira Souto Esquina Com Rua Vinicius De Moraes,,1.0,660882,5.0,"Cigars, Pornography, Sexuality, Politics, Illegal Content, Law, Government, & Politics",-22.9866,-43.203,N/A
Place Exchange,Clear Channel Outdoor Brazil,RIO58,Urban Panels,Outdoor,Brazil,Rio De Janeiro,5 - Grande Rio De Janeiro,Rio De Janeiro,22210,"Image, Silent Video",400x600,10,,,,Praia Do Flamengo Ef A Rua Correia Dutra,,1.0,881432,5.0,"Cigars, Pornography, Sexuality, Politics, Illegal Content, Law, Government, & Politics",-22.927701,-43.173399,N/A
Place Exchange,Clear Channel Outdoor Brazil,RDJ12,Urban Panels,Outdoor,Brazil,Rio De Janeiro,5 - Grande Rio De Janeiro,Rio De Janeiro,22279,"Image, Silent Video",400x600,10,,,,"Avenida Rainha Elizabeth, Lado Opsto Ao N. 741.",,21.8253968253968,220000,5.0,"Cigars, Pornography, Sexuality, Politics, Illegal Content, Law, Government, & Politics",-22.9565,-43.1985,N/A
Place Exchange,Clear Channel Outdoor Brazil,RDJ11,Urban Panels,Outdoor,Brazil,Rio De Janeiro,5 - Grande Rio De Janeiro,Rio De Janeiro,20269,"Image, Silent Video",400x600,10,,,,"Rua Humaitá, Em Frente A Rua João Afonso",,21.8253968253968,220000,5.0,"Cigars, Pornography, Sexuality, Politics, Illegal Content, Law, Government, & Politics",-22.9186,-43.2506,N/A
Place Exchange,Clear Channel Outdoor Brazil,RIO81,Urban Panels,Outdoor,Brazil,Rio De Janeiro,5 - Grande Rio De Janeiro,Rio De Janeiro,22617,"Image, Silent Video",400x600,10,,,,Avenida Prefeito Mendes De Morais Esquina Com Rua Princesa Santana De Gales (praia Do Pepino),,1.0,484771,5.0,"Cigars, Pornography, Sexuality, Politics, Illegal Content, Law, Government, & Politics",-23.0001,-43.2696,N/A
Place Exchange,Clear Channel Outdoor Brazil,RIO45,Urban Panels,Outdoor,Brazil,Rio De Janeiro,5 - Grande Rio De Janeiro,Rio De Janeiro,20269,"Image, Silent Video",400x600,10,,,,Avenida Alfredo Agache Ef Ao 3º Comar,,1.0,660882,5.0,"Cigars, Pornography, Sexuality, Politics, Illegal Content, Law, Government, & Politics",-22.905842,-43.168334,N/A
Place Exchange,Clear Channel Outdoor Brazil,RIO5,Urban Panels,Outdoor,Brazil,Rio De Janeiro,5 - Grande Rio De Janeiro,Rio De Janeiro,20269,"Image, Silent Video",400x600,10,,,,Rua Teixeira De Freitas X Avenida Beiramar,,1.0,660767,5.0,"Cigars, Pornography, Sexuality, Politics, Illegal Content, Law, Government, & Politics",-22.914774,-43.174901,N/A
Place Exchange,Clear Channel Outdoor Brazil,RIO93,Urban Panels,Outdoor,Brazil,Rio De Janeiro,5 - Grande Rio De Janeiro,Rio De Janeiro,22617,"Image, Silent Video",400x600,10,,,,Auto Estrada Lagoa Barra Proximo Ao Sao Conrado Fashion Mal,,1.0,484771,5.0,"Cigars, Pornography, Sexuality, Politics, Illegal Content, Law, Government, & Politics",-22.9955,-43.2591,N/A
Place Exchange,Clear Channel Outdoor Brazil,RIO2,Urban Panels,Outdoor,Brazil,Rio De Janeiro,5 - Grande Rio De Janeiro,Rio De Janeiro,22279,"Image, Silent Video",400x600,10,,,,Rua Da Passagem Esquina De Rua Clotilde Guimaraes,,1.0,566872,5.0,"Cigars, Pornography, Sexuality, Politics, Illegal Content, Law, Government, & Politics",-22.952305,-43.182064,N/A
Place Exchange,Clear Channel Outdoor Brazil,RIO59,Urban Panels,Outdoor,Brazil,Rio De Janeiro,5 - Grande Rio De Janeiro,Rio De Janeiro,20269,"Image, Silent Video",400x600,10,,,,Praça Vereador Miguel Ângelo S/n - Próximo Ao Aeroporto Santos Dumont,,1.0,343089,5.0,"Cigars, Pornography, Sexuality, Politics, Illegal Content, Law, Government, & Politics",-22.912239,-43.168186,N/A
Place Exchange,Clear Channel Outdoor Brazil,RIO42,Urban Panels,Outdoor,Brazil,Rio De Janeiro,5 - Grande Rio De Janeiro,Rio De Janeiro,22407,"Image, Silent Video",400x600,10,,,,Rua Mario Ribeiro Em Frente Ao Posto Ipiranga Do Joquei Clube,,1.0,660882,5.0,"Cigars, Pornography, Sexuality, Politics, Illegal Content, Law, Government, & Politics",-22.9772,-43.22,N/A
Place Exchange,Clear Channel Outdoor Brazil,RIO46,Urban Panels,Outdoor,Brazil,Rio De Janeiro,5 - Grande Rio De Janeiro,Rio De Janeiro,20269,"Image, Silent Video",400x600,10,,,,"Avenida Presidente Vargas, Em Frente A Central Do Brasil",,1.0,660882,5.0,"Cigars, Pornography, Sexuality, Politics, Illegal Content, Law, Government, & Politics",-22.905273,-43.191459,N/A
Place Exchange,Clear Channel Outdoor Brazil,RIO1,Urban Panels,Outdoor,Brazil,Rio De Janeiro,5 - Grande Rio De Janeiro,Rio De Janeiro,22007,"Image, Silent Video",400x600,10,,,,Avenida Princesa Isabel Com Rua Barata Ribeiro,,1.0,625674,5.0,"Cigars, Pornography, Sexuality, Politics, Illegal Content, Law, Government, & Politics",-22.961731,-43.175592,N/A
Place Exchange,Clear Channel Outdoor Brazil,RIO72,Urban Panels,Outdoor,Brazil,Rio De Janeiro,5 - Grande Rio De Janeiro,Rio De Janeiro,22420,"Image, Silent Video",400x600,10,,,,Vieira Souto / Rua Maria Quitéria,,1.0,484771,5.0,"Cigars, Pornography, Sexuality, Politics, Illegal Content, Law, Government, & Politics",-22.9864,-43.2073,N/A
Place Exchange,Clear Channel Outdoor Brazil,RIO77,Urban Panels,Outdoor,Brazil,Rio De Janeiro,5 - Grande Rio De Janeiro,Rio De Janeiro,22617,"Image, Silent Video",400x600,10,,,,Auto Estrada Lagoa Barra - C.c. - Em Frente A J. Herbert Moses,,1.0,484771,5.0,"Cigars, Pornography, Sexuality, Politics, Illegal Content, Law, Government, & Politics",-22.9981,-43.2658,N/A
